{"NormalDogdata": "50", "InfectDogdata": "[{\"lat\":13.755462065675202,\"lng\":100.53367688095139,\"amt\":\"1\"},{\"lat\":13.75541517060046,\"lng\":100.53389145767258,\"amt\":\"2\"},{\"lat\":13.755647040600566,\"lng\":100.53382708465622,\"amt\":\"3\"},{\"lat\":13.75559754028275,\"lng\":100.53397728836106,\"amt\":\"4\"}]", "Grid_size": 25, "Bite_Rate": 0.5, "Infect_Rate": 0.05, "Simulation_Day": 10, "Roam_radius": 2.3, "Current_map_pos_lat": "13.755531105600513", "Current_map_pos_lng": "100.53382708465622"}